session_id,timestamp,item_name,puzzle_stage,zone,dimension
20260412_181610_a7bb,2026-04-12 18:16:15,dialogue,puzzle_1_tuner,Zone 2,present
20260412_181610_a7bb,2026-04-12 18:16:16,dialogue,puzzle_1_tuner,Zone 2,present
20260412_181610_a7bb,2026-04-12 18:16:21,dialogue,puzzle_1_tuner,Zone 2,present
20260412_181610_a7bb,2026-04-12 18:16:23,dialogue,puzzle_1_tuner,Zone 2,present
20260412_181610_a7bb,2026-04-12 18:16:25,dialogue,puzzle_1_tuner,Zone 2,present
20260412_181610_a7bb,2026-04-12 18:16:28,fiber_wire_zone2,puzzle_1_tuner,Zone 2,present
20260412_181610_a7bb,2026-04-12 18:16:33,dialogue,puzzle_1_tuner,Zone 2,present
20260412_181610_a7bb,2026-04-12 18:16:36,dialogue,puzzle_1_tuner,Zone 2,present
20260412_181610_a7bb,2026-04-12 18:16:40,left_door_zone2,puzzle_1_tuner,Zone 2,present
20260412_181610_a7bb,2026-04-12 18:16:45,dialogue,puzzle_1_tuner,Zone 1,present
20260412_181610_a7bb,2026-04-12 18:16:47,Time_Tuner,puzzle_1_tuner,Zone 1,present
20260412_181610_a7bb,2026-04-12 18:16:51,dialogue,puzzle_2_seed,Zone 1,present
20260412_181610_a7bb,2026-04-12 18:16:57,dialogue,puzzle_2_seed,Zone 1,present
20260412_181610_a7bb,2026-04-12 18:17:02,dialogue,puzzle_2_seed,Zone 1,present
20260412_181610_a7bb,2026-04-12 18:17:04,dialogue,puzzle_2_seed,Zone 1,present
20260412_181610_a7bb,2026-04-12 18:17:06,inventory,puzzle_2_seed,Zone 1,present
20260412_181610_a7bb,2026-04-12 18:17:10,time_slider,puzzle_2_seed,Zone 1,past
20260412_181610_a7bb,2026-04-12 18:17:11,time_slider,puzzle_2_seed,Zone 1,present
20260412_181610_a7bb,2026-04-12 18:17:12,time_slider,puzzle_2_seed,Zone 1,present
20260412_181610_a7bb,2026-04-12 18:17:13,time_slider,puzzle_2_seed,Zone 1,past
20260412_181610_a7bb,2026-04-12 18:17:14,time_slider,puzzle_2_seed,Zone 1,future
20260412_181610_a7bb,2026-04-12 18:17:15,time_slider,puzzle_2_seed,Zone 1,present
20260412_181610_a7bb,2026-04-12 18:17:16,time_slider,puzzle_2_seed,Zone 1,past
20260412_181610_a7bb,2026-04-12 18:17:20,time_slider,puzzle_2_seed,Zone 1,present
20260412_181610_a7bb,2026-04-12 18:17:22,magnet_zone1,puzzle_2_seed,Zone 1,present
20260412_181610_a7bb,2026-04-12 18:17:29,main_com_zone1,puzzle_2_seed,Zone 1,present
20260412_181610_a7bb,2026-04-12 18:17:39,dialogue,puzzle_2_seed,Zone 1,present
20260412_181610_a7bb,2026-04-12 18:17:47,dialogue,puzzle_2_seed,Zone 1,present
20260412_181610_a7bb,2026-04-12 18:17:50,dialogue,puzzle_2_seed,Zone 1,present
20260412_181610_a7bb,2026-04-12 18:17:51,dialogue,puzzle_2_seed,Zone 1,present
20260412_181610_a7bb,2026-04-12 18:18:07,dialogue,puzzle_2_seed,Zone 1,present
20260412_181610_a7bb,2026-04-12 18:18:19,ui,puzzle_2_seed,Zone 1,present
20260412_181610_a7bb,2026-04-12 18:18:23,ui,puzzle_2_seed,Zone 1,present
20260412_181610_a7bb,2026-04-12 18:18:25,medicine_zone1,puzzle_2_seed,Zone 1,present
20260412_181610_a7bb,2026-04-12 18:18:26,inventory,puzzle_2_seed,Zone 1,present
20260412_181610_a7bb,2026-04-12 18:18:35,inventory,puzzle_2_seed,Zone 1,present
20260412_181610_a7bb,2026-04-12 18:18:39,left_door_zone1,puzzle_2_seed,Zone 1,present
20260412_181610_a7bb,2026-04-12 18:18:45,entropy_zone3,puzzle_2_seed,Zone 3,present
20260412_181610_a7bb,2026-04-12 18:18:49,time_slider,puzzle_2_seed,Zone 3,past
20260412_181610_a7bb,2026-04-12 18:18:51,pot_zone3,puzzle_2_seed,Zone 3,past
20260412_181610_a7bb,2026-04-12 18:18:53,time_slider,puzzle_2_seed,Zone 3,present
20260412_181610_a7bb,2026-04-12 18:18:54,time_slider,puzzle_2_seed,Zone 3,past
20260412_181610_a7bb,2026-04-12 18:18:56,none,puzzle_2_seed,Zone 3,past
20260412_181610_a7bb,2026-04-12 18:18:56,none,puzzle_2_seed,Zone 3,past
20260412_181610_a7bb,2026-04-12 18:18:57,none,puzzle_2_seed,Zone 3,past
20260412_181610_a7bb,2026-04-12 18:18:57,test_tube_zone3,puzzle_2_seed,Zone 3,past
20260412_181610_a7bb,2026-04-12 18:19:00,dialogue,puzzle_2_seed,Zone 3,past
20260412_181610_a7bb,2026-04-12 18:19:01,dialogue,puzzle_2_seed,Zone 3,past
20260412_181610_a7bb,2026-04-12 18:19:01,time_slider,puzzle_2_seed,Zone 3,present
20260412_181610_a7bb,2026-04-12 18:19:03,inventory,puzzle_2_seed,Zone 3,present
20260412_181610_a7bb,2026-04-12 18:19:04,entropy_zone3,puzzle_2_seed,Zone 3,present
20260412_181610_a7bb,2026-04-12 18:19:08,dialogue,puzzle_2_seed,Zone 3,present
20260412_181610_a7bb,2026-04-12 18:19:13,dialogue,puzzle_2_seed,Zone 3,present
20260412_181610_a7bb,2026-04-12 18:19:18,dialogue,puzzle_2_seed,Zone 3,present
20260412_181610_a7bb,2026-04-12 18:19:22,dialogue,puzzle_2_seed,Zone 3,present
20260412_181610_a7bb,2026-04-12 18:19:25,inventory,puzzle_2_seed,Zone 3,present
20260412_181610_a7bb,2026-04-12 18:19:26,inventory,puzzle_2_seed,Zone 3,present
20260412_181610_a7bb,2026-04-12 18:19:28,inventory,puzzle_2_seed,Zone 3,present
20260412_181610_a7bb,2026-04-12 18:19:29,inventory,puzzle_2_seed,Zone 3,present
20260412_181610_a7bb,2026-04-12 18:19:34,inventory,puzzle_2_seed,Zone 3,present
20260412_181610_a7bb,2026-04-12 18:19:36,time_slider,puzzle_2_seed,Zone 3,future
20260412_181610_a7bb,2026-04-12 18:19:38,seed_zone3,puzzle_2_seed,Zone 3,future
20260412_181610_a7bb,2026-04-12 18:19:39,inventory,puzzle_2_seed,Zone 3,future
20260412_181610_a7bb,2026-04-12 18:19:43,inventory,puzzle_2_seed,Zone 3,future
20260412_181610_a7bb,2026-04-12 18:19:46,time_slider,puzzle_2_seed,Zone 3,past
20260412_181610_a7bb,2026-04-12 18:19:47,inventory,puzzle_2_seed,Zone 3,past
20260412_181610_a7bb,2026-04-12 18:19:48,none,puzzle_2_seed,Zone 3,past
20260412_181610_a7bb,2026-04-12 18:19:49,none,puzzle_2_seed,Zone 3,past
20260412_181610_a7bb,2026-04-12 18:19:50,inventory,puzzle_2_seed,Zone 3,past
20260412_181610_a7bb,2026-04-12 18:19:50,inventory,puzzle_2_seed,Zone 3,past
20260412_181610_a7bb,2026-04-12 18:19:51,inventory,puzzle_2_seed,Zone 3,past
20260412_181610_a7bb,2026-04-12 18:19:52,inventory,puzzle_2_seed,Zone 3,past
20260412_181610_a7bb,2026-04-12 18:19:52,inventory,puzzle_2_seed,Zone 3,past
20260412_181610_a7bb,2026-04-12 18:19:53,inventory,puzzle_2_seed,Zone 3,past
20260412_181610_a7bb,2026-04-12 18:19:55,none,puzzle_2_seed,Zone 3,past
20260412_181610_a7bb,2026-04-12 18:19:57,right_door_zone3,puzzle_2_seed,Zone 3,past
20260412_181610_a7bb,2026-04-12 18:20:02,inventory,puzzle_2_seed,Zone 1,past
20260412_181610_a7bb,2026-04-12 18:20:07,inventory,puzzle_2_seed,Zone 1,past
20260412_181610_a7bb,2026-04-12 18:20:08,pot_spot_zone1,puzzle_2_seed,Zone 1,past
20260412_181610_a7bb,2026-04-12 18:20:11,dialogue,puzzle_2_seed,Zone 1,past
20260412_181610_a7bb,2026-04-12 18:20:12,inventory,puzzle_2_seed,Zone 1,past
20260412_181610_a7bb,2026-04-12 18:20:13,placed_pot_zone1,puzzle_2_seed,Zone 1,past
20260412_181610_a7bb,2026-04-12 18:20:17,dialogue,puzzle_3_entropy,Zone 1,past
20260412_181610_a7bb,2026-04-12 18:20:18,dialogue,puzzle_3_entropy,Zone 1,past
20260412_181610_a7bb,2026-04-12 18:20:20,dialogue,puzzle_3_entropy,Zone 1,past
20260412_181610_a7bb,2026-04-12 18:20:20,dialogue,puzzle_3_entropy,Zone 1,past
20260412_181610_a7bb,2026-04-12 18:20:21,inventory,puzzle_3_entropy,Zone 1,past
20260412_181610_a7bb,2026-04-12 18:20:22,time_slider,puzzle_3_entropy,Zone 1,present
20260412_181610_a7bb,2026-04-12 18:20:28,tree1_present,puzzle_3_entropy,Zone 1,present
20260412_181610_a7bb,2026-04-12 18:20:29,tree1_present,puzzle_3_entropy,Zone 1,present
20260412_181610_a7bb,2026-04-12 18:20:32,tree1_present,puzzle_3_entropy,Zone 1,present
20260412_181610_a7bb,2026-04-12 18:20:32,tree1_present,puzzle_3_entropy,Zone 1,present
20260412_181610_a7bb,2026-04-12 18:20:32,tree1_present,puzzle_3_entropy,Zone 1,present
20260412_181610_a7bb,2026-04-12 18:20:32,tree1_present,puzzle_3_entropy,Zone 1,present
20260412_181610_a7bb,2026-04-12 18:20:33,tree1_present,puzzle_3_entropy,Zone 1,present
20260412_181610_a7bb,2026-04-12 18:20:33,tree1_present,puzzle_3_entropy,Zone 1,present
20260412_181610_a7bb,2026-04-12 18:20:34,none,puzzle_3_entropy,Zone 1,present
20260412_181610_a7bb,2026-04-12 18:20:34,time_slider,puzzle_3_entropy,Zone 1,future
20260412_181610_a7bb,2026-04-12 18:20:38,dialogue,puzzle_3_entropy,Zone 1,future
20260412_181610_a7bb,2026-04-12 18:20:41,dialogue,puzzle_3_entropy,Zone 1,future
20260412_181610_a7bb,2026-04-12 18:20:42,dialogue,puzzle_3_entropy,Zone 1,future
20260412_181610_a7bb,2026-04-12 18:20:43,dialogue,puzzle_3_entropy,Zone 1,future
20260412_181610_a7bb,2026-04-12 18:20:44,tree2_future,puzzle_3_entropy,Zone 1,future
20260412_181610_a7bb,2026-04-12 18:20:49,dialogue,puzzle_3_entropy,Zone 1,future
20260412_181610_a7bb,2026-04-12 18:20:50,dialogue,puzzle_3_entropy,Zone 1,future
20260412_181610_a7bb,2026-04-12 18:20:52,dialogue,puzzle_3_entropy,Zone 1,future
20260412_181610_a7bb,2026-04-12 18:20:54,dialogue,puzzle_3_entropy,Zone 1,future
20260412_181610_a7bb,2026-04-12 18:20:55,inventory,puzzle_3_entropy,Zone 1,future
20260412_181610_a7bb,2026-04-12 18:20:56,inventory,puzzle_3_entropy,Zone 1,future
20260412_181610_a7bb,2026-04-12 18:20:57,inventory,puzzle_3_entropy,Zone 1,future
20260412_181610_a7bb,2026-04-12 18:20:58,pot_spot_zone1,puzzle_3_entropy,Zone 1,future
20260412_181610_a7bb,2026-04-12 18:21:01,tree2_future,puzzle_3_entropy,Zone 1,future
20260412_181610_a7bb,2026-04-12 18:21:06,dialogue,puzzle_3_entropy,Zone 4,future
20260412_181610_a7bb,2026-04-12 18:21:07,dialogue,puzzle_3_entropy,Zone 4,future
20260412_181610_a7bb,2026-04-12 18:21:08,dialogue,puzzle_3_entropy,Zone 4,future
20260412_181610_a7bb,2026-04-12 18:21:11,safe_zone4,puzzle_3_entropy,Zone 4,future
20260412_181610_a7bb,2026-04-12 18:21:14,dialogue,puzzle_3_entropy,Zone 4,future
20260412_181610_a7bb,2026-04-12 18:21:18,dialogue,puzzle_3_entropy,Zone 4,future
20260412_181610_a7bb,2026-04-12 18:21:19,dialogue,puzzle_3_entropy,Zone 4,future
20260412_181610_a7bb,2026-04-12 18:21:27,elevator_zone4,puzzle_3_entropy,Zone 4,future
20260412_181610_a7bb,2026-04-12 18:21:29,dialogue,puzzle_3_entropy,Zone 4,future
20260412_181610_a7bb,2026-04-12 18:21:30,inventory,puzzle_3_entropy,Zone 4,future
20260412_181610_a7bb,2026-04-12 18:21:32,time_slider,puzzle_3_entropy,Zone 4,present
20260412_181610_a7bb,2026-04-12 18:21:38,time_slider,puzzle_3_entropy,Zone 4,past
20260412_181610_a7bb,2026-04-12 18:21:41,paper_zone4,puzzle_3_entropy,Zone 4,past
20260412_181610_a7bb,2026-04-12 18:21:42,dialogue,puzzle_3_entropy,Zone 4,past
20260412_181610_a7bb,2026-04-12 18:21:45,dialogue,puzzle_3_entropy,Zone 4,past
20260412_181610_a7bb,2026-04-12 18:21:51,dialogue,puzzle_3_entropy,Zone 4,past
20260412_181610_a7bb,2026-04-12 18:21:55,dialogue,puzzle_3_entropy,Zone 4,past
20260412_181610_a7bb,2026-04-12 18:21:56,inventory,puzzle_3_entropy,Zone 4,past
20260412_181610_a7bb,2026-04-12 18:21:58,safe_zone4,puzzle_3_entropy,Zone 4,past
20260412_181610_a7bb,2026-04-12 18:21:59,dialogue,puzzle_4_safe,Zone 4,past
20260412_181610_a7bb,2026-04-12 18:22:01,dialogue,puzzle_4_safe,Zone 4,past
20260412_181610_a7bb,2026-04-12 18:22:03,dialogue,puzzle_4_safe,Zone 4,past
20260412_181610_a7bb,2026-04-12 18:22:06,dialogue,puzzle_4_safe,Zone 4,past
20260412_181610_a7bb,2026-04-12 18:22:09,elevator_zone4,puzzle_4_safe,Zone 4,past
20260412_181610_a7bb,2026-04-12 18:22:12,dialogue,puzzle_4_safe,Zone 4,past
20260412_181610_a7bb,2026-04-12 18:22:12,inventory,puzzle_4_safe,Zone 4,past
20260412_181610_a7bb,2026-04-12 18:22:13,none,puzzle_4_safe,Zone 4,past
20260412_181610_a7bb,2026-04-12 18:22:14,elevator_zone4,puzzle_4_safe,Zone 4,past
20260412_181610_a7bb,2026-04-12 18:22:20,main_com_zone1,puzzle_4_safe,Zone 1,past
20260412_181610_a7bb,2026-04-12 18:22:25,ui,puzzle_4_safe,Zone 1,past
20260412_181610_a7bb,2026-04-12 18:22:28,left_door_zone1,puzzle_4_safe,Zone 1,past
20260412_181610_a7bb,2026-04-12 18:22:30,right_door_zone3,puzzle_4_safe,Zone 3,past
20260412_181610_a7bb,2026-04-12 18:22:30,right_door_zone1,puzzle_4_safe,Zone 1,past
20260412_181610_a7bb,2026-04-12 18:22:33,left_door_zone2,puzzle_4_safe,Zone 2,past
20260412_181610_a7bb,2026-04-12 18:22:34,left_door_zone1,puzzle_4_safe,Zone 1,past
20260412_181610_a7bb,2026-04-12 18:22:35,right_door_zone3,puzzle_4_safe,Zone 3,past
20260412_181610_a7bb,2026-04-12 18:22:39,inventory,puzzle_4_safe,Zone 1,past
20260412_181610_a7bb,2026-04-12 18:22:39,time_slider,puzzle_4_safe,Zone 1,future
20260412_181610_a7bb,2026-04-12 18:22:41,tree2_future,puzzle_4_safe,Zone 1,future
20260412_181610_a7bb,2026-04-12 18:22:43,elevator_zone4,puzzle_4_safe,Zone 4,future
20260412_181610_a7bb,2026-04-12 18:22:45,dialogue,puzzle_4_safe,Zone 4,future
20260412_181610_a7bb,2026-04-12 18:22:45,inventory,puzzle_4_safe,Zone 4,future
20260412_181610_a7bb,2026-04-12 18:22:47,elevator_zone4,puzzle_4_safe,Zone 4,future
20260412_181610_a7bb,2026-04-12 18:22:48,dialogue,puzzle_4_safe,Zone 4,future
20260412_181610_a7bb,2026-04-12 18:22:48,inventory,puzzle_4_safe,Zone 4,future
20260412_181610_a7bb,2026-04-12 18:22:49,time_slider,puzzle_4_safe,Zone 4,present
20260412_181610_a7bb,2026-04-12 18:22:51,time_slider,puzzle_4_safe,Zone 4,past
20260412_181610_a7bb,2026-04-12 18:22:52,inventory,puzzle_4_safe,Zone 4,past
20260412_181610_a7bb,2026-04-12 18:22:53,elevator_zone4,puzzle_4_safe,Zone 4,past
20260412_181610_a7bb,2026-04-12 18:22:58,inventory,puzzle_4_safe,Zone 1,past
20260412_181610_a7bb,2026-04-12 18:23:01,time_slider,puzzle_4_safe,Zone 1,present
20260412_181610_a7bb,2026-04-12 18:23:01,time_slider,puzzle_4_safe,Zone 1,future
20260412_181610_a7bb,2026-04-12 18:23:02,tree2_future,puzzle_4_safe,Zone 1,future
20260412_181610_a7bb,2026-04-12 18:23:03,time_slider,puzzle_4_safe,Zone 4,present
20260412_181610_a7bb,2026-04-12 18:23:04,inventory,puzzle_4_safe,Zone 4,present
20260412_181610_a7bb,2026-04-12 18:23:05,elevator_zone4,puzzle_4_safe,Zone 4,present
20260412_181610_a7bb,2026-04-12 18:23:13,dialogue,puzzle_4_safe,Zone 4,present
20260412_181610_a7bb,2026-04-12 18:23:13,inventory,puzzle_4_safe,Zone 4,present
20260412_181610_a7bb,2026-04-12 18:23:15,inventory,puzzle_4_safe,Zone 4,present
20260412_181610_a7bb,2026-04-12 18:23:17,inventory,puzzle_4_safe,Zone 4,present
20260412_181610_a7bb,2026-04-12 18:23:18,time_slider,puzzle_4_safe,Zone 4,past
20260412_181610_a7bb,2026-04-12 18:23:20,inventory,puzzle_4_safe,Zone 4,past
20260412_181610_a7bb,2026-04-12 18:23:21,none,puzzle_4_safe,Zone 4,past
20260412_181610_a7bb,2026-04-12 18:23:25,inventory,puzzle_4_safe,Zone 4,past
20260412_181610_a7bb,2026-04-12 18:23:26,elevator_zone4,puzzle_4_safe,Zone 4,past
20260412_181610_a7bb,2026-04-12 18:23:27,inventory,puzzle_4_safe,Zone 1,past
20260412_181610_a7bb,2026-04-12 18:23:28,main_com_zone1,puzzle_4_safe,Zone 1,past
20260412_181610_a7bb,2026-04-12 18:23:31,dialogue,puzzle_4_safe,Zone 1,past
20260412_181610_a7bb,2026-04-12 18:23:32,dialogue,puzzle_4_safe,Zone 1,past
20260412_181610_a7bb,2026-04-12 18:23:48,dialogue,puzzle_4_safe,Zone 1,past
20260412_181610_a7bb,2026-04-12 18:24:00,right_door_zone1,puzzle_4_safe,Zone 1,past
20260412_181610_a7bb,2026-04-12 18:24:03,none,puzzle_4_safe,Zone 2,past
20260412_181610_a7bb,2026-04-12 18:24:03,broom_zone2,puzzle_4_safe,Zone 2,past
20260412_181610_a7bb,2026-04-12 18:24:07,inventory,puzzle_4_safe,Zone 2,past
20260412_181610_a7bb,2026-04-12 18:24:08,time_slider,puzzle_4_safe,Zone 2,present
20260412_181610_a7bb,2026-04-12 18:24:12,time_slider,puzzle_4_safe,Zone 2,future
20260412_181610_a7bb,2026-04-12 18:24:13,left_door_zone2,puzzle_4_safe,Zone 2,future
20260412_181610_a7bb,2026-04-12 18:24:16,time_slider,puzzle_4_safe,Zone 1,present
20260412_181610_a7bb,2026-04-12 18:24:18,main_com_zone1,puzzle_4_safe,Zone 1,present
20260412_181610_a7bb,2026-04-12 18:24:20,ui,puzzle_4_safe,Zone 1,present
20260412_181610_a7bb,2026-04-12 18:24:20,ui,puzzle_4_safe,Zone 1,present
20260412_181610_a7bb,2026-04-12 18:24:20,ui,puzzle_4_safe,Zone 1,present
20260412_181610_a7bb,2026-04-12 18:24:22,time_slider,puzzle_4_safe,Zone 1,past
20260412_181610_a7bb,2026-04-12 18:24:26,main_com_zone1,puzzle_4_safe,Zone 1,past
20260412_181610_a7bb,2026-04-12 18:24:27,ui,puzzle_4_safe,Zone 1,past
20260412_181610_a7bb,2026-04-12 18:24:30,left_door_zone1,puzzle_4_safe,Zone 1,past
20260412_181610_a7bb,2026-04-12 18:24:33,time_slider,puzzle_4_safe,Zone 3,present
20260412_181610_a7bb,2026-04-12 18:24:34,time_slider,puzzle_4_safe,Zone 3,future
20260412_181610_a7bb,2026-04-12 18:24:38,inventory,puzzle_4_safe,Zone 3,future
20260412_181610_a7bb,2026-04-12 18:24:42,right_door_zone3,puzzle_4_safe,Zone 3,future
20260412_181610_a7bb,2026-04-12 18:24:45,inventory,puzzle_4_safe,Zone 1,future
20260412_181610_a7bb,2026-04-12 18:24:45,inventory,puzzle_4_safe,Zone 1,future
20260412_181610_a7bb,2026-04-12 18:24:46,inventory,puzzle_4_safe,Zone 1,future
20260412_181610_a7bb,2026-04-12 18:24:46,inventory,puzzle_4_safe,Zone 1,future
20260412_181610_a7bb,2026-04-12 18:24:48,tree2_future,puzzle_4_safe,Zone 1,future
20260412_181610_a7bb,2026-04-12 18:24:49,none,puzzle_4_safe,Zone 4,future
20260412_181610_a7bb,2026-04-12 18:24:50,inventory,puzzle_4_safe,Zone 4,future
20260412_181610_a7bb,2026-04-12 18:24:57,none,puzzle_4_safe,Zone 4,future
20260412_181610_a7bb,2026-04-12 18:24:58,tree2nd_future,puzzle_4_safe,Zone 4,future
20260412_181610_a7bb,2026-04-12 18:25:04,tree2_future,puzzle_4_safe,Zone 1,future
20260412_181610_a7bb,2026-04-12 18:25:06,inventory,puzzle_4_safe,Zone 4,future
20260412_181610_a7bb,2026-04-12 18:25:08,inventory,puzzle_4_safe,Zone 4,future
20260412_181610_a7bb,2026-04-12 18:25:08,none,puzzle_4_safe,Zone 4,future
20260412_181610_a7bb,2026-04-12 18:25:09,inventory,puzzle_4_safe,Zone 4,future
20260412_181610_a7bb,2026-04-12 18:25:10,time_slider,puzzle_4_safe,Zone 4,past
20260412_181610_a7bb,2026-04-12 18:25:13,inventory,puzzle_4_safe,Zone 4,past
20260412_181610_a7bb,2026-04-12 18:25:13,none,puzzle_4_safe,Zone 4,past
20260412_181610_a7bb,2026-04-12 18:25:14,none,puzzle_4_safe,Zone 4,past
20260412_181610_a7bb,2026-04-12 18:25:14,none,puzzle_4_safe,Zone 4,past
20260412_181610_a7bb,2026-04-12 18:25:14,none,puzzle_4_safe,Zone 4,past
20260412_181610_a7bb,2026-04-12 18:25:15,none,puzzle_4_safe,Zone 4,past
20260412_181610_a7bb,2026-04-12 18:25:15,none,puzzle_4_safe,Zone 4,past
20260412_181610_a7bb,2026-04-12 18:25:18,inventory,puzzle_4_safe,Zone 4,past
20260412_181610_a7bb,2026-04-12 18:25:21,inventory,puzzle_4_safe,Zone 4,past
20260412_181610_a7bb,2026-04-12 18:25:22,inventory,puzzle_4_safe,Zone 4,past
20260412_181610_a7bb,2026-04-12 18:25:23,inventory,puzzle_4_safe,Zone 4,past
20260412_181610_a7bb,2026-04-12 18:25:24,inventory,puzzle_4_safe,Zone 4,past
20260412_181610_a7bb,2026-04-12 18:25:25,elevator_zone4,puzzle_4_safe,Zone 4,past
20260412_181610_a7bb,2026-04-12 18:25:31,right_door_zone1,puzzle_4_safe,Zone 1,past
20260412_181610_a7bb,2026-04-12 18:25:33,inventory,puzzle_4_safe,Zone 2,past
20260412_181610_a7bb,2026-04-12 18:25:34,none,puzzle_4_safe,Zone 2,past
20260412_181610_a7bb,2026-04-12 18:25:34,none,puzzle_4_safe,Zone 2,past
20260412_181610_a7bb,2026-04-12 18:25:36,left_door_zone2,puzzle_4_safe,Zone 2,past
20260412_181610_a7bb,2026-04-12 18:25:41,left_door_zone1,puzzle_4_safe,Zone 1,past
20260412_181610_a7bb,2026-04-12 18:25:47,inventory,puzzle_4_safe,Zone 3,past
20260412_181610_a7bb,2026-04-12 18:25:48,inventory,puzzle_4_safe,Zone 3,past
20260412_181610_a7bb,2026-04-12 18:25:49,time_slider,puzzle_4_safe,Zone 3,present
20260412_181610_a7bb,2026-04-12 18:25:50,inventory,puzzle_4_safe,Zone 3,present
20260412_181610_a7bb,2026-04-12 18:25:56,right_door_zone3,puzzle_4_safe,Zone 3,present
20260412_181610_a7bb,2026-04-12 18:26:02,right_door_zone1,puzzle_4_safe,Zone 1,present
20260412_181610_a7bb,2026-04-12 18:26:06,left_door_zone2,puzzle_4_safe,Zone 2,present
20260412_181610_a7bb,2026-04-12 18:26:07,inventory,puzzle_4_safe,Zone 1,present
20260412_181610_a7bb,2026-04-12 18:26:08,inventory,puzzle_4_safe,Zone 1,present
20260412_181610_a7bb,2026-04-12 18:26:08,inventory,puzzle_4_safe,Zone 1,present
20260412_181610_a7bb,2026-04-12 18:26:10,none,puzzle_4_safe,Zone 1,present
20260412_181610_a7bb,2026-04-12 18:26:10,time_slider,puzzle_4_safe,Zone 1,future
20260412_181610_a7bb,2026-04-12 18:26:11,inventory,puzzle_4_safe,Zone 1,future
20260412_181610_a7bb,2026-04-12 18:26:12,tree2_future,puzzle_4_safe,Zone 1,future
20260412_181610_a7bb,2026-04-12 18:26:18,inventory,puzzle_4_safe,Zone 4,future
20260412_181610_a7bb,2026-04-12 18:26:18,inventory,puzzle_4_safe,Zone 4,future
20260412_181610_a7bb,2026-04-12 18:26:19,none,puzzle_4_safe,Zone 4,future
20260412_181610_a7bb,2026-04-12 18:26:21,elevator_zone4,puzzle_4_safe,Zone 4,future
20260412_181610_a7bb,2026-04-12 18:26:23,dialogue,puzzle_4_safe,Zone 4,future
20260412_181610_a7bb,2026-04-12 18:26:23,inventory,puzzle_4_safe,Zone 4,future
20260412_181610_a7bb,2026-04-12 18:26:24,elevator_zone4,puzzle_4_safe,Zone 4,future
20260412_181610_a7bb,2026-04-12 18:26:25,dialogue,puzzle_4_safe,Zone 4,future
20260412_181610_a7bb,2026-04-12 18:26:25,inventory,puzzle_4_safe,Zone 4,future
20260412_181610_a7bb,2026-04-12 18:26:26,none,puzzle_4_safe,Zone 4,future
20260412_181610_a7bb,2026-04-12 18:26:26,none,puzzle_4_safe,Zone 4,future
20260412_181610_a7bb,2026-04-12 18:26:26,none,puzzle_4_safe,Zone 4,future
20260412_181610_a7bb,2026-04-12 18:26:33,inventory,puzzle_4_safe,Zone 4,future
20260412_181610_a7bb,2026-04-12 18:26:34,time_slider,puzzle_4_safe,Zone 4,past
20260412_181610_a7bb,2026-04-12 18:26:36,none,puzzle_4_safe,Zone 4,past
20260412_181610_a7bb,2026-04-12 18:26:38,none,puzzle_4_safe,Zone 4,past
20260412_181610_a7bb,2026-04-12 18:26:40,inventory,puzzle_4_safe,Zone 4,past
20260412_181610_a7bb,2026-04-12 18:26:40,none,puzzle_4_safe,Zone 4,past
20260412_181610_a7bb,2026-04-12 18:26:41,none,puzzle_4_safe,Zone 4,past
20260412_181610_a7bb,2026-04-12 18:26:41,none,puzzle_4_safe,Zone 4,past
20260412_181610_a7bb,2026-04-12 18:26:42,inventory,puzzle_4_safe,Zone 4,past
20260412_181610_a7bb,2026-04-12 18:26:46,inventory,puzzle_4_safe,Zone 4,past
20260412_181610_a7bb,2026-04-12 18:26:46,elevator_zone4,puzzle_4_safe,Zone 4,past
20260412_181610_a7bb,2026-04-12 18:26:51,dialogue,puzzle_4_safe,Zone 4,past
20260412_181610_a7bb,2026-04-12 18:26:51,inventory,puzzle_4_safe,Zone 4,past
20260412_181610_a7bb,2026-04-12 18:26:52,elevator_zone4,puzzle_4_safe,Zone 4,past
20260412_181610_a7bb,2026-04-12 18:26:57,inventory,puzzle_4_safe,Zone 1,past
20260412_181610_a7bb,2026-04-12 18:26:58,main_com_zone1,puzzle_4_safe,Zone 1,past
20260412_181610_a7bb,2026-04-12 18:27:01,ui,puzzle_4_safe,Zone 1,past
20260412_181610_a7bb,2026-04-12 18:27:05,left_door_zone1,puzzle_4_safe,Zone 1,past
20260412_181610_a7bb,2026-04-12 18:27:11,none,puzzle_4_safe,Zone 3,past
20260412_181610_a7bb,2026-04-12 18:27:12,right_door_zone3,puzzle_4_safe,Zone 3,past
20260412_181610_a7bb,2026-04-12 18:27:12,right_door_zone1,puzzle_4_safe,Zone 1,past
20260412_181610_a7bb,2026-04-12 18:27:15,inventory,puzzle_4_safe,Zone 2,past
20260412_181610_a7bb,2026-04-12 18:27:21,inventory,puzzle_4_safe,Zone 2,past
20260412_181610_a7bb,2026-04-12 18:27:23,left_door_zone2,puzzle_4_safe,Zone 2,past
20260412_181610_a7bb,2026-04-12 18:27:25,inventory,puzzle_4_safe,Zone 1,past
20260412_181610_a7bb,2026-04-12 18:27:26,time_slider,puzzle_4_safe,Zone 1,present
20260412_181610_a7bb,2026-04-12 18:27:29,time_slider,puzzle_4_safe,Zone 1,past
20260412_181610_a7bb,2026-04-12 18:27:30,time_slider,puzzle_4_safe,Zone 1,present
20260412_181610_a7bb,2026-04-12 18:27:31,time_slider,puzzle_4_safe,Zone 1,past
20260412_181610_a7bb,2026-04-12 18:27:32,time_slider,puzzle_4_safe,Zone 1,present
20260412_181610_a7bb,2026-04-12 18:27:33,time_slider,puzzle_4_safe,Zone 1,future
20260412_181610_a7bb,2026-04-12 18:27:37,inventory,puzzle_4_safe,Zone 1,future
20260412_181610_a7bb,2026-04-12 18:27:46,main_com_zone1,puzzle_4_safe,Zone 1,future
20260412_181610_a7bb,2026-04-12 18:27:47,main_com_zone1,puzzle_4_safe,Zone 1,future
20260412_181610_a7bb,2026-04-12 18:27:47,main_com_zone1,puzzle_4_safe,Zone 1,future
20260412_181610_a7bb,2026-04-12 18:27:48,main_com_zone1,puzzle_4_safe,Zone 1,future
20260412_181610_a7bb,2026-04-12 18:27:48,main_com_zone1,puzzle_4_safe,Zone 1,future
20260412_181610_a7bb,2026-04-12 18:27:48,inventory,puzzle_4_safe,Zone 1,future
20260412_181610_a7bb,2026-04-12 18:27:49,main_com_zone1,puzzle_4_safe,Zone 1,future
20260412_181610_a7bb,2026-04-12 18:27:50,inventory,puzzle_4_safe,Zone 1,future
20260412_181610_a7bb,2026-04-12 18:27:50,inventory,puzzle_4_safe,Zone 1,future
20260412_181610_a7bb,2026-04-12 18:27:50,main_com_zone1,puzzle_4_safe,Zone 1,future
20260412_181610_a7bb,2026-04-12 18:27:51,inventory,puzzle_4_safe,Zone 1,future
20260412_181610_a7bb,2026-04-12 18:27:51,main_com_zone1,puzzle_4_safe,Zone 1,future
20260412_181610_a7bb,2026-04-12 18:27:52,inventory,puzzle_4_safe,Zone 1,future
20260412_181610_a7bb,2026-04-12 18:27:53,tree2_future,puzzle_4_safe,Zone 1,future
20260412_181610_a7bb,2026-04-12 18:27:54,none,puzzle_4_safe,Zone 4,future
20260412_181610_a7bb,2026-04-12 18:27:54,tree2nd_future,puzzle_4_safe,Zone 4,future
20260412_181610_a7bb,2026-04-12 18:27:56,right_door_zone1,puzzle_4_safe,Zone 1,future
20260412_181610_a7bb,2026-04-12 18:27:59,inventory,puzzle_4_safe,Zone 2,future
20260412_181610_a7bb,2026-04-12 18:28:02,inventory,puzzle_4_safe,Zone 2,future
20260412_181610_a7bb,2026-04-12 18:28:02,inventory,puzzle_4_safe,Zone 2,future
20260412_181610_a7bb,2026-04-12 18:28:03,left_door_zone2,puzzle_4_safe,Zone 2,future
20260412_181610_a7bb,2026-04-12 18:28:03,left_door_zone1,puzzle_4_safe,Zone 1,future
20260412_181610_a7bb,2026-04-12 18:28:12,right_door_zone3,puzzle_4_safe,Zone 3,future
20260412_181610_a7bb,2026-04-12 18:28:15,right_door_zone1,puzzle_4_safe,Zone 1,future
20260412_181610_a7bb,2026-04-12 18:28:17,left_door_zone2,puzzle_4_safe,Zone 2,future
20260412_181610_a7bb,2026-04-12 18:28:26,main_com_zone1,puzzle_4_safe,Zone 1,future
20260412_181610_a7bb,2026-04-12 18:28:33,none,puzzle_4_safe,Zone 1,future
20260412_181610_a7bb,2026-04-12 18:28:33,none,puzzle_4_safe,Zone 1,future
20260412_181610_a7bb,2026-04-12 18:28:35,none,puzzle_4_safe,Zone 1,future
20260412_181610_a7bb,2026-04-12 18:28:35,inventory,puzzle_4_safe,Zone 1,future
20260412_181610_a7bb,2026-04-12 18:28:37,none,puzzle_4_safe,Zone 1,future
20260412_181610_a7bb,2026-04-12 18:28:37,time_slider,puzzle_4_safe,Zone 1,present
20260412_181610_a7bb,2026-04-12 18:28:44,main_com_zone1,puzzle_4_safe,Zone 1,present
20260412_181610_a7bb,2026-04-12 18:28:45,ui,puzzle_4_safe,Zone 1,present
20260412_181610_a7bb,2026-04-12 18:28:45,ui,puzzle_4_safe,Zone 1,present
20260412_181610_a7bb,2026-04-12 18:28:49,time_slider,puzzle_4_safe,Zone 1,past
20260412_181610_a7bb,2026-04-12 18:28:57,none,puzzle_4_safe,Zone 1,past
20260412_181610_a7bb,2026-04-12 18:28:58,inventory,puzzle_4_safe,Zone 1,past
20260412_181610_a7bb,2026-04-12 18:28:59,none,puzzle_4_safe,Zone 1,past
20260412_181610_a7bb,2026-04-12 18:28:59,none,puzzle_4_safe,Zone 1,past
20260412_181610_a7bb,2026-04-12 18:29:00,none,puzzle_4_safe,Zone 1,past
20260412_181610_a7bb,2026-04-12 18:29:00,none,puzzle_4_safe,Zone 1,past
20260412_181610_a7bb,2026-04-12 18:29:00,none,puzzle_4_safe,Zone 1,past
20260412_181610_a7bb,2026-04-12 18:29:00,none,puzzle_4_safe,Zone 1,past
20260412_181610_a7bb,2026-04-12 18:29:00,none,puzzle_4_safe,Zone 1,past
20260412_181610_a7bb,2026-04-12 18:29:01,none,puzzle_4_safe,Zone 1,past
20260412_181610_a7bb,2026-04-12 18:29:01,none,puzzle_4_safe,Zone 1,past
20260412_181610_a7bb,2026-04-12 18:29:01,none,puzzle_4_safe,Zone 1,past
20260412_181610_a7bb,2026-04-12 18:29:01,none,puzzle_4_safe,Zone 1,past
20260412_181610_a7bb,2026-04-12 18:29:02,inventory,puzzle_4_safe,Zone 1,past
20260412_181610_a7bb,2026-04-12 18:29:03,inventory,puzzle_4_safe,Zone 1,past
20260412_181610_a7bb,2026-04-12 18:29:03,inventory,puzzle_4_safe,Zone 1,past
20260412_181610_a7bb,2026-04-12 18:29:05,time_slider,puzzle_4_safe,Zone 1,future
20260412_181610_a7bb,2026-04-12 18:29:08,main_com_zone1,puzzle_4_safe,Zone 1,future
20260412_181610_a7bb,2026-04-12 18:29:08,main_com_zone1,puzzle_4_safe,Zone 1,future
20260412_181610_a7bb,2026-04-12 18:29:09,time_slider,puzzle_4_safe,Zone 1,past
20260412_181610_a7bb,2026-04-12 18:29:12,time_slider,puzzle_4_safe,Zone 1,present
20260412_181610_a7bb,2026-04-12 18:29:14,inventory,puzzle_4_safe,Zone 1,present
20260412_181610_a7bb,2026-04-12 18:29:14,main_com_zone1,puzzle_4_safe,Zone 1,present
20260412_181610_a7bb,2026-04-12 18:29:15,ui,puzzle_4_safe,Zone 1,present
20260412_181610_a7bb,2026-04-12 18:29:22,inventory,puzzle_4_safe,Zone 1,present
20260412_181610_a7bb,2026-04-12 18:29:23,tree1_present,puzzle_4_safe,Zone 1,present
20260412_181610_a7bb,2026-04-12 18:29:29,inventory,puzzle_4_safe,Zone 1,present
20260412_181610_a7bb,2026-04-12 18:29:30,time_slider,puzzle_4_safe,Zone 1,future
20260412_181610_a7bb,2026-04-12 18:29:31,inventory,puzzle_4_safe,Zone 1,future
20260412_181610_a7bb,2026-04-12 18:29:32,tree2_future,puzzle_4_safe,Zone 1,future
20260412_181610_a7bb,2026-04-12 18:29:34,tree2nd_future,puzzle_4_safe,Zone 4,future
20260412_181610_a7bb,2026-04-12 18:29:35,none,puzzle_4_safe,Zone 1,future
20260412_181610_a7bb,2026-04-12 18:29:35,none,puzzle_4_safe,Zone 1,future
20260412_181610_a7bb,2026-04-12 18:29:35,none,puzzle_4_safe,Zone 1,future
20260412_181610_a7bb,2026-04-12 18:29:36,rubble_zone1,puzzle_4_safe,Zone 1,future
20260412_181610_a7bb,2026-04-12 18:29:37,dialogue,puzzle_4_safe,Zone 1,future
20260412_181610_a7bb,2026-04-12 18:29:40,dialogue,puzzle_4_safe,Zone 1,future
20260412_181610_a7bb,2026-04-12 18:29:41,inventory,puzzle_4_safe,Zone 1,future
20260412_181610_a7bb,2026-04-12 18:29:48,rubble_zone1,puzzle_4_safe,Zone 1,future
20260412_181610_a7bb,2026-04-12 18:29:49,dialogue,puzzle_4_safe,Zone 1,future
20260412_181610_a7bb,2026-04-12 18:29:54,dialogue,puzzle_4_safe,Zone 1,future
20260412_181610_a7bb,2026-04-12 18:29:55,dialogue,puzzle_4_safe,Zone 1,future
20260412_181610_a7bb,2026-04-12 18:29:56,dialogue,puzzle_4_safe,Zone 1,future
20260412_181610_a7bb,2026-04-12 18:29:57,inventory,puzzle_4_safe,Zone 1,future
20260412_181610_a7bb,2026-04-12 18:30:01,key_on_ground_zone1,puzzle_4_safe,Zone 1,future
20260412_181610_a7bb,2026-04-12 18:30:06,dialogue,puzzle_4_safe,Zone 1,future
20260412_181610_a7bb,2026-04-12 18:30:11,dialogue,puzzle_4_safe,Zone 1,future
20260412_181610_a7bb,2026-04-12 18:30:12,dialogue,puzzle_4_safe,Zone 1,future
20260412_181610_a7bb,2026-04-12 18:30:13,inventory,puzzle_4_safe,Zone 1,future
20260412_181610_a7bb,2026-04-12 18:30:14,key_on_ground_zone1,puzzle_4_safe,Zone 1,future
20260412_181610_a7bb,2026-04-12 18:30:16,dialogue,puzzle_4_safe,Zone 1,future
20260412_181610_a7bb,2026-04-12 18:30:18,dialogue,puzzle_4_safe,Zone 1,future
20260412_181610_a7bb,2026-04-12 18:30:18,dialogue,puzzle_4_safe,Zone 1,future
20260412_181610_a7bb,2026-04-12 18:30:19,key_zone1,puzzle_4_safe,Zone 1,future
20260412_181610_a7bb,2026-04-12 18:30:24,inventory,puzzle_4_safe,Zone 1,future
20260412_181610_a7bb,2026-04-12 18:30:27,inventory,puzzle_4_safe,Zone 1,future
20260412_181610_a7bb,2026-04-12 18:30:28,time_slider,puzzle_4_safe,Zone 1,present
20260412_181610_a7bb,2026-04-12 18:30:29,time_slider,puzzle_4_safe,Zone 1,past
20260412_181610_a7bb,2026-04-12 18:30:31,inventory,puzzle_4_safe,Zone 1,past
20260412_181610_a7bb,2026-04-12 18:30:35,right_door_zone1,puzzle_4_safe,Zone 1,past
20260412_181610_a7bb,2026-04-12 18:30:36,none,puzzle_4_safe,Zone 2,past
20260412_181610_a7bb,2026-04-12 18:30:36,left_door_zone2,puzzle_4_safe,Zone 2,past
20260412_181610_a7bb,2026-04-12 18:30:37,left_door_zone1,puzzle_4_safe,Zone 1,past
20260412_181610_a7bb,2026-04-12 18:30:38,right_door_zone3,puzzle_4_safe,Zone 3,past
20260412_181610_a7bb,2026-04-12 18:30:39,main_com_zone1,puzzle_4_safe,Zone 1,past
20260412_181610_a7bb,2026-04-12 18:30:40,ui,puzzle_4_safe,Zone 1,past
20260412_181610_a7bb,2026-04-12 18:30:42,left_door_zone1,puzzle_4_safe,Zone 1,past
20260412_181610_a7bb,2026-04-12 18:30:45,inventory,puzzle_4_safe,Zone 3,past
20260412_181610_a7bb,2026-04-12 18:30:46,inventory,puzzle_4_safe,Zone 3,past
20260412_181610_a7bb,2026-04-12 18:30:47,right_door_zone3,puzzle_4_safe,Zone 3,past
20260412_181610_a7bb,2026-04-12 18:30:48,none,puzzle_4_safe,Zone 1,past
20260412_181610_a7bb,2026-04-12 18:30:48,inventory,puzzle_4_safe,Zone 1,past
20260412_181610_a7bb,2026-04-12 18:30:49,inventory,puzzle_4_safe,Zone 1,past
20260412_181610_a7bb,2026-04-12 18:30:51,inventory,puzzle_4_safe,Zone 1,past
20260412_181610_a7bb,2026-04-12 18:30:52,time_slider,puzzle_4_safe,Zone 1,future
20260412_181610_a7bb,2026-04-12 18:30:52,tree2_future,puzzle_4_safe,Zone 1,future
20260412_181610_a7bb,2026-04-12 18:30:54,inventory,puzzle_4_safe,Zone 4,future
20260412_181610_a7bb,2026-04-12 18:31:03,inventory,puzzle_4_safe,Zone 4,future
20260412_181610_a7bb,2026-04-12 18:31:04,inventory,puzzle_4_safe,Zone 4,future
20260412_181610_a7bb,2026-04-12 18:31:04,time_slider,puzzle_4_safe,Zone 4,present
20260412_181610_a7bb,2026-04-12 18:31:06,time_slider,puzzle_4_safe,Zone 4,past
20260412_181610_a7bb,2026-04-12 18:31:07,inventory,puzzle_4_safe,Zone 4,past
20260412_181610_a7bb,2026-04-12 18:31:08,inventory,puzzle_4_safe,Zone 4,past
20260412_181610_a7bb,2026-04-12 18:31:09,none,puzzle_4_safe,Zone 4,past
20260412_181610_a7bb,2026-04-12 18:31:09,none,puzzle_4_safe,Zone 4,past
20260412_181610_a7bb,2026-04-12 18:31:10,elevator_zone4,puzzle_4_safe,Zone 4,past
20260412_181610_a7bb,2026-04-12 18:31:15,dialogue,puzzle_4_safe,Zone 4,past
20260412_181610_a7bb,2026-04-12 18:31:17,inventory,puzzle_4_safe,Zone 4,past
20260412_181610_a7bb,2026-04-12 18:31:18,elevator_zone4,puzzle_4_safe,Zone 4,past
20260412_181610_a7bb,2026-04-12 18:31:23,inventory,puzzle_4_safe,Zone 1,past
20260412_181610_a7bb,2026-04-12 18:31:23,inventory,puzzle_4_safe,Zone 1,past
20260412_181610_a7bb,2026-04-12 18:31:24,inventory,puzzle_4_safe,Zone 1,past
20260412_181610_a7bb,2026-04-12 18:31:25,main_com_zone1,puzzle_4_safe,Zone 1,past
20260412_181610_a7bb,2026-04-12 18:31:26,ui,puzzle_4_safe,Zone 1,past
20260412_181610_a7bb,2026-04-12 18:31:26,ui,puzzle_4_safe,Zone 1,past
20260412_181610_a7bb,2026-04-12 18:31:31,placed_pot_zone1_with_seed,puzzle_4_safe,Zone 1,past
20260412_181610_a7bb,2026-04-12 18:31:34,inventory,puzzle_4_safe,Zone 1,past
20260412_181610_a7bb,2026-04-12 18:31:38,inventory,puzzle_4_safe,Zone 1,past
20260412_181610_a7bb,2026-04-12 18:31:40,inventory,puzzle_4_safe,Zone 1,past
20260412_181610_a7bb,2026-04-12 18:31:41,inventory,puzzle_4_safe,Zone 1,past
20260412_181610_a7bb,2026-04-12 18:31:41,inventory,puzzle_4_safe,Zone 1,past
20260412_181610_a7bb,2026-04-12 18:31:43,time_slider,puzzle_4_safe,Zone 1,present
20260412_181610_a7bb,2026-04-12 18:31:45,time_slider,puzzle_4_safe,Zone 1,future
20260412_181610_a7bb,2026-04-12 18:31:57,time_slider,puzzle_4_safe,Zone 1,past
20260412_181610_a7bb,2026-04-12 18:32:02,right_door_zone1,puzzle_4_safe,Zone 1,past
20260412_181610_a7bb,2026-04-12 18:32:04,left_door_zone2,puzzle_4_safe,Zone 2,past
20260412_181610_a7bb,2026-04-12 18:32:04,left_door_zone1,puzzle_4_safe,Zone 1,past
20260412_181610_a7bb,2026-04-12 18:32:06,right_door_zone3,puzzle_4_safe,Zone 3,past
20260412_181610_a7bb,2026-04-12 18:32:07,inventory,puzzle_4_safe,Zone 1,past
20260412_181610_a7bb,2026-04-12 18:32:10,placed_pot_zone1,puzzle_4_safe,Zone 1,past
20260412_181610_a7bb,2026-04-12 18:32:12,inventory,puzzle_4_safe,Zone 1,past
20260412_181610_a7bb,2026-04-12 18:32:13,inventory,puzzle_4_safe,Zone 1,past
20260412_181610_a7bb,2026-04-12 18:32:14,time_slider,puzzle_4_safe,Zone 1,future
20260412_181610_a7bb,2026-04-12 18:32:15,tree2_future,puzzle_4_safe,Zone 1,future
20260412_181610_a7bb,2026-04-12 18:32:17,time_slider,puzzle_4_safe,Zone 4,past
20260412_181610_a7bb,2026-04-12 18:32:19,time_slider,puzzle_4_safe,Zone 4,present
20260412_181610_a7bb,2026-04-12 18:32:21,time_slider,puzzle_4_safe,Zone 4,future
20260412_181610_a7bb,2026-04-12 18:32:27,none,puzzle_4_safe,Zone 4,future
20260412_181610_a7bb,2026-04-12 18:32:28,tree2nd_future,puzzle_4_safe,Zone 4,future
20260412_181610_a7bb,2026-04-12 18:32:33,right_door_zone1,puzzle_4_safe,Zone 1,future
20260412_181610_a7bb,2026-04-12 18:32:37,time_slider,puzzle_4_safe,Zone 2,past
20260412_181610_a7bb,2026-04-12 18:32:41,inventory,puzzle_4_safe,Zone 2,past
20260412_181610_a7bb,2026-04-12 18:32:42,left_door_zone2,puzzle_4_safe,Zone 2,past
20260412_181610_a7bb,2026-04-12 18:32:44,placed_pot_zone1_with_seed,puzzle_4_safe,Zone 1,past
20260412_181610_a7bb,2026-04-12 18:32:51,main_com_zone1,puzzle_4_safe,Zone 1,past
20260412_181610_a7bb,2026-04-12 18:32:52,ui,puzzle_4_safe,Zone 1,past
20260412_181610_a7bb,2026-04-12 18:32:55,none,puzzle_4_safe,Zone 1,past
20260412_181610_a7bb,2026-04-12 18:32:55,placed_pot_zone1,puzzle_4_safe,Zone 1,past
20260412_181610_a7bb,2026-04-12 18:33:03,time_slider,puzzle_4_safe,Zone 1,present
20260412_181610_a7bb,2026-04-12 18:33:04,time_slider,puzzle_4_safe,Zone 1,past
20260412_181610_a7bb,2026-04-12 18:33:06,inventory,puzzle_4_safe,Zone 1,past
20260412_181610_a7bb,2026-04-12 18:33:09,inventory,puzzle_4_safe,Zone 1,past
20260412_181610_a7bb,2026-04-12 18:33:09,inventory,puzzle_4_safe,Zone 1,past
20260412_181610_a7bb,2026-04-12 18:33:10,inventory,puzzle_4_safe,Zone 1,past
20260412_181610_a7bb,2026-04-12 18:33:11,inventory,puzzle_4_safe,Zone 1,past
20260412_181610_a7bb,2026-04-12 18:33:16,inventory,puzzle_4_safe,Zone 1,past
20260412_181610_a7bb,2026-04-12 18:33:16,inventory,puzzle_4_safe,Zone 1,past
20260412_181610_a7bb,2026-04-12 18:33:17,inventory,puzzle_4_safe,Zone 1,past
20260412_181610_a7bb,2026-04-12 18:33:19,pot_spot_zone1,puzzle_4_safe,Zone 1,past
20260412_181610_a7bb,2026-04-12 18:33:20,none,puzzle_4_safe,Zone 1,past
20260412_181610_a7bb,2026-04-12 18:33:20,pot_spot_zone1,puzzle_4_safe,Zone 1,past
20260412_181610_a7bb,2026-04-12 18:33:21,inventory,puzzle_4_safe,Zone 1,past
20260412_181610_a7bb,2026-04-12 18:33:23,inventory,puzzle_4_safe,Zone 1,past
20260412_181610_a7bb,2026-04-12 18:33:28,main_com_zone1,puzzle_4_safe,Zone 1,past
20260412_181610_a7bb,2026-04-12 18:33:29,ui,puzzle_4_safe,Zone 1,past
20260412_181610_a7bb,2026-04-12 18:33:35,inventory,puzzle_4_safe,Zone 1,past
20260412_181610_a7bb,2026-04-12 18:33:37,main_com_zone1,puzzle_4_safe,Zone 1,past
20260412_181610_a7bb,2026-04-12 18:33:41,ui,puzzle_4_safe,Zone 4,past
20260412_181610_a7bb,2026-04-12 18:33:55,time_slider,puzzle_4_safe,Zone 4,present
20260412_181610_a7bb,2026-04-12 18:33:56,time_slider,puzzle_4_safe,Zone 4,future
20260412_181610_a7bb,2026-04-12 18:34:09,time_slider,puzzle_4_safe,Zone 4,present
20260412_181610_a7bb,2026-04-12 18:34:12,time_slider,puzzle_4_safe,Zone 4,past
20260412_181610_a7bb,2026-04-12 18:34:13,time_slider,puzzle_4_safe,Zone 4,present
20260412_181610_a7bb,2026-04-12 18:34:19,time_slider,puzzle_4_safe,Zone 4,past
20260412_181610_a7bb,2026-04-12 18:34:23,time_slider,puzzle_4_safe,Zone 4,future
20260412_181610_a7bb,2026-04-12 18:34:24,time_slider,puzzle_4_safe,Zone 4,present
20260412_181610_a7bb,2026-04-12 18:34:25,time_slider,puzzle_4_safe,Zone 4,future
20260412_181610_a7bb,2026-04-12 18:34:27,time_slider,puzzle_4_safe,Zone 4,past
20260412_181610_a7bb,2026-04-12 18:34:32,inventory,puzzle_4_safe,Zone 4,past
20260412_181610_a7bb,2026-04-12 18:34:33,elevator_zone4,puzzle_4_safe,Zone 4,past
20260412_181610_a7bb,2026-04-12 18:34:35,dialogue,puzzle_4_safe,Zone 4,past
20260412_181610_a7bb,2026-04-12 18:34:35,none,puzzle_4_safe,Zone 4,past
20260412_181610_a7bb,2026-04-12 18:34:35,none,puzzle_4_safe,Zone 4,past
20260412_181610_a7bb,2026-04-12 18:34:40,none,puzzle_4_safe,Zone 4,past
20260412_181610_a7bb,2026-04-12 18:34:40,inventory,puzzle_4_safe,Zone 4,past
20260412_181610_a7bb,2026-04-12 18:34:41,none,puzzle_4_safe,Zone 4,past
20260412_181610_a7bb,2026-04-12 18:34:44,inventory,puzzle_4_safe,Zone 4,past
20260412_181610_a7bb,2026-04-12 18:34:45,elevator_zone4,puzzle_4_safe,Zone 4,past
20260412_181610_a7bb,2026-04-12 18:34:45,main_com_zone1,puzzle_4_safe,Zone 1,past
20260412_181610_a7bb,2026-04-12 18:34:47,ui,puzzle_4_safe,Zone 5,past
20260412_181610_a7bb,2026-04-12 18:34:49,blackbox_zone5,puzzle_4_safe,Zone 5,past
20260412_181610_a7bb,2026-04-12 18:34:51,dialogue,puzzle_4_safe,Zone 5,past
20260412_181610_a7bb,2026-04-12 18:34:52,dialogue,puzzle_4_safe,Zone 5,past
20260412_181610_a7bb,2026-04-12 18:34:54,dialogue,puzzle_4_safe,Zone 5,past
20260412_181610_a7bb,2026-04-12 18:34:58,inventory,puzzle_4_safe,Zone 5,past
20260412_181610_a7bb,2026-04-12 18:34:59,blackbox_zone5,puzzle_4_safe,Zone 5,past
20260412_181610_a7bb,2026-04-12 18:35:00,dialogue,puzzle_4_safe,Zone 5,past
20260412_181610_a7bb,2026-04-12 18:35:01,dialogue,puzzle_4_safe,Zone 5,past
20260412_181610_a7bb,2026-04-12 18:35:01,dialogue,puzzle_4_safe,Zone 5,past
20260412_181610_a7bb,2026-04-12 18:35:02,inventory,puzzle_4_safe,Zone 5,past
20260412_181610_a7bb,2026-04-12 18:35:04,blackbox_zone5,puzzle_4_safe,Zone 5,past
20260412_181610_a7bb,2026-04-12 18:35:05,dialogue,puzzle_4_safe,Zone 5,past
20260412_181610_a7bb,2026-04-12 18:35:05,dialogue,puzzle_4_safe,Zone 5,past
20260412_181610_a7bb,2026-04-12 18:35:07,dialogue,puzzle_4_safe,Zone 5,past
20260412_181610_a7bb,2026-04-12 18:35:11,door_zone5,puzzle_4_safe,Zone 5,past
20260412_181610_a7bb,2026-04-12 18:35:12,dialogue,puzzle_4_safe,Zone 5,past
20260412_181610_a7bb,2026-04-12 18:35:13,inventory,puzzle_4_safe,Zone 5,past
20260412_181610_a7bb,2026-04-12 18:35:17,inventory,puzzle_4_safe,Zone 5,past
20260412_181610_a7bb,2026-04-12 18:35:19,inventory,puzzle_4_safe,Zone 5,past
20260412_181610_a7bb,2026-04-12 18:35:20,door_zone5,puzzle_4_safe,Zone 5,past
20260412_181610_a7bb,2026-04-12 18:35:25,dialogue,puzzle_4_safe,Zone 5,past
20260412_181610_a7bb,2026-04-12 18:35:26,inventory,puzzle_4_safe,Zone 5,past
20260412_181610_a7bb,2026-04-12 18:35:27,door_zone5,puzzle_4_safe,Zone 5,past
20260412_181610_a7bb,2026-04-12 18:35:30,dialogue,puzzle_4_safe,Zone 6,past
20260412_181610_a7bb,2026-04-12 18:35:32,inventory,puzzle_4_safe,Zone 6,past
20260412_181610_a7bb,2026-04-12 18:35:32,inventory,puzzle_4_safe,Zone 6,past
20260412_181610_a7bb,2026-04-12 18:35:33,inventory,puzzle_4_safe,Zone 6,past
20260412_181610_a7bb,2026-04-12 18:35:33,inventory,puzzle_4_safe,Zone 6,past
20260412_181610_a7bb,2026-04-12 18:35:37,battery_zone6,puzzle_4_safe,Zone 6,past
20260412_181610_a7bb,2026-04-12 18:35:39,dialogue,puzzle_4_safe,Zone 6,past
20260412_181610_a7bb,2026-04-12 18:35:40,dialogue,puzzle_4_safe,Zone 6,past
20260412_181610_a7bb,2026-04-12 18:35:41,dialogue,puzzle_4_safe,Zone 6,past
20260412_181610_a7bb,2026-04-12 18:35:42,dialogue,puzzle_4_safe,Zone 6,past
20260412_181610_a7bb,2026-04-12 18:35:43,inventory,puzzle_4_safe,Zone 6,past
20260412_181610_a7bb,2026-04-12 18:35:44,box_zone6,puzzle_4_safe,Zone 6,past
20260412_181610_a7bb,2026-04-12 18:35:45,none,puzzle_4_safe,Zone 6,past
20260412_181610_a7bb,2026-04-12 18:35:45,battery_zone6,puzzle_4_safe,Zone 6,past
20260412_181610_a7bb,2026-04-12 18:35:47,dialogue,puzzle_4_safe,Zone 6,past
20260412_181610_a7bb,2026-04-12 18:35:48,dialogue,puzzle_4_safe,Zone 6,past
20260412_181610_a7bb,2026-04-12 18:35:48,dialogue,puzzle_4_safe,Zone 6,past
20260412_181610_a7bb,2026-04-12 18:35:49,dialogue,puzzle_4_safe,Zone 6,past
20260412_181610_a7bb,2026-04-12 18:35:50,inventory,puzzle_4_safe,Zone 6,past
20260412_181610_a7bb,2026-04-12 18:35:50,box_zone6,puzzle_4_safe,Zone 6,past
20260412_181610_a7bb,2026-04-12 18:35:51,battery_zone6,puzzle_4_safe,Zone 6,past
20260412_181610_a7bb,2026-04-12 18:35:53,dialogue,puzzle_4_safe,Zone 6,past
20260412_181610_a7bb,2026-04-12 18:35:54,dialogue,puzzle_4_safe,Zone 6,past
20260412_181610_a7bb,2026-04-12 18:35:55,battery_zone6,puzzle_4_safe,Zone 6,past
20260412_181610_a7bb,2026-04-12 18:35:58,door_zone6,puzzle_4_safe,Zone 6,past
20260412_181610_a7bb,2026-04-12 18:36:00,dialogue,puzzle_4_safe,Zone 6,past
20260412_181610_a7bb,2026-04-12 18:36:01,inventory,puzzle_4_safe,Zone 6,past
20260412_181610_a7bb,2026-04-12 18:36:02,door_zone6,puzzle_4_safe,Zone 6,past
20260412_181610_a7bb,2026-04-12 18:36:06,elevator_zone5,puzzle_4_safe,Zone 5,past
20260412_181610_a7bb,2026-04-12 18:36:14,inventory,puzzle_4_safe,Zone 1,past
20260412_181610_a7bb,2026-04-12 18:36:15,main_com_zone1,puzzle_4_safe,Zone 1,past
20260412_181610_a7bb,2026-04-12 18:36:17,dialogue,puzzle_4_safe,Zone 1,past
20260412_181610_a7bb,2026-04-12 18:36:18,dialogue,puzzle_4_safe,Zone 1,past
20260412_181610_a7bb,2026-04-12 18:36:20,main_com_zone1,puzzle_4_safe,Zone 1,past
20260412_181610_a7bb,2026-04-12 18:36:23,ui,puzzle_4_safe,Zone 1,past
20260412_181610_a7bb,2026-04-12 18:36:23,main_com_zone1,puzzle_4_safe,Zone 1,past
20260412_181610_a7bb,2026-04-12 18:36:28,ui,puzzle_4_safe,Zone 1,past
20260412_181610_a7bb,2026-04-12 18:36:30,inventory,puzzle_4_safe,Zone 1,past
20260412_181610_a7bb,2026-04-12 18:36:31,time_slider,puzzle_4_safe,Zone 1,present
20260412_181610_a7bb,2026-04-12 18:36:32,time_slider,puzzle_4_safe,Zone 1,future
20260412_181610_a7bb,2026-04-12 18:36:34,time_slider,puzzle_4_safe,Zone 1,present
20260412_181610_a7bb,2026-04-12 18:36:36,main_com_zone1,puzzle_4_safe,Zone 1,present
20260412_181610_a7bb,2026-04-12 18:36:39,ui,puzzle_4_safe,Zone 1,present
20260412_181610_a7bb,2026-04-12 18:36:39,time_slider,puzzle_4_safe,Zone 1,future
20260412_181610_a7bb,2026-04-12 18:36:40,none,puzzle_4_safe,Zone 1,future
20260412_181610_a7bb,2026-04-12 18:36:41,main_com_zone1,puzzle_4_safe,Zone 1,future
20260412_181610_a7bb,2026-04-12 18:36:43,dialogue,puzzle_5_battery,Zone 1,future
20260412_181610_a7bb,2026-04-12 18:36:44,dialogue,puzzle_5_battery,Zone 1,future
20260412_181610_a7bb,2026-04-12 18:36:45,dialogue,puzzle_5_battery,Zone 1,future
20260412_181610_a7bb,2026-04-12 18:36:48,none,puzzle_5_battery,Zone 1,future
20260412_181610_a7bb,2026-04-12 18:36:49,time_slider,puzzle_5_battery,Zone 1,past
20260412_181610_a7bb,2026-04-12 18:36:51,inventory,puzzle_5_battery,Zone 1,past
20260412_181610_a7bb,2026-04-12 18:36:52,main_com_zone1,puzzle_5_battery,Zone 1,past
20260412_181610_a7bb,2026-04-12 18:36:55,ui,puzzle_5_battery,Zone 1,past
20260412_181610_a7bb,2026-04-12 18:36:55,ui,puzzle_5_battery,Zone 1,past
20260412_181610_a7bb,2026-04-12 18:36:57,inventory,puzzle_5_battery,Zone 1,past
20260412_181610_a7bb,2026-04-12 18:36:57,main_com_zone1,puzzle_5_battery,Zone 1,past
20260412_181610_a7bb,2026-04-12 18:36:59,dialogue,puzzle_6_drive,Zone 1,past
20260412_181610_a7bb,2026-04-12 18:37:00,dialogue,puzzle_6_drive,Zone 1,past
20260412_181610_a7bb,2026-04-12 18:37:01,dialogue,puzzle_6_drive,Zone 1,past
20260412_181610_a7bb,2026-04-12 18:37:03,dialogue,puzzle_6_drive,Zone 1,past
20260412_181610_a7bb,2026-04-12 18:37:03,dialogue,puzzle_6_drive,Zone 1,past
20260412_181610_a7bb,2026-04-12 18:37:07,inventory,puzzle_6_drive,Zone 1,past
20260412_181610_a7bb,2026-04-12 18:37:08,time_slider,puzzle_6_drive,Zone 1,future
20260412_181610_a7bb,2026-04-12 18:37:11,main_com_zone1,puzzle_6_drive,Zone 1,future
20260412_181610_a7bb,2026-04-12 18:37:12,dialogue,puzzle_6_drive,Zone 1,future
20260412_181610_a7bb,2026-04-12 18:37:14,dialogue,puzzle_6_drive,Zone 1,future
20260412_181610_a7bb,2026-04-12 18:37:16,dialogue,puzzle_6_drive,Zone 1,future
20260412_181610_a7bb,2026-04-12 18:37:17,dialogue,puzzle_6_drive,Zone 1,future
20260412_181610_a7bb,2026-04-12 18:37:20,dialogue,puzzle_6_drive,Zone 1,future
20260412_181610_a7bb,2026-04-12 18:37:21,time_slider,puzzle_6_drive,Zone 1,past
20260412_181610_a7bb,2026-04-12 18:37:23,main_com_zone1,puzzle_6_drive,Zone 1,past
20260412_181610_a7bb,2026-04-12 18:37:25,ui,puzzle_6_drive,Zone 1,past
20260412_181610_a7bb,2026-04-12 18:37:27,inventory,puzzle_6_drive,Zone 1,past
20260412_181610_a7bb,2026-04-12 18:37:28,main_com_zone1,puzzle_6_drive,Zone 1,past
20260412_181610_a7bb,2026-04-12 18:37:29,dialogue,puzzle_6_drive,Zone 1,past
20260412_181610_a7bb,2026-04-12 18:37:29,dialogue,puzzle_6_drive,Zone 1,past
20260412_181610_a7bb,2026-04-12 18:37:30,dialogue,puzzle_6_drive,Zone 1,past
20260412_181610_a7bb,2026-04-12 18:37:31,dialogue,puzzle_6_drive,Zone 1,past
20260412_181610_a7bb,2026-04-12 18:37:33,main_com_zone1,puzzle_6_drive,Zone 1,past
20260412_181610_a7bb,2026-04-12 18:37:34,ui,puzzle_6_drive,Zone 1,past
20260412_181610_a7bb,2026-04-12 18:37:36,inventory,puzzle_6_drive,Zone 1,past
20260412_181610_a7bb,2026-04-12 18:37:36,inventory,puzzle_6_drive,Zone 1,past
20260412_181610_a7bb,2026-04-12 18:37:37,time_slider,puzzle_6_drive,Zone 1,future
20260412_181610_a7bb,2026-04-12 18:37:44,main_com_zone1,puzzle_6_drive,Zone 1,future
20260412_181610_a7bb,2026-04-12 18:37:44,none,puzzle_6_drive,Zone 1,future
20260412_181610_a7bb,2026-04-12 18:37:45,none,puzzle_6_drive,Zone 1,future
20260412_181610_a7bb,2026-04-12 18:37:45,main_com_zone1,puzzle_6_drive,Zone 1,future
20260412_181610_a7bb,2026-04-12 18:37:46,left_door_zone1,puzzle_6_drive,Zone 1,future
20260412_181610_a7bb,2026-04-12 18:37:46,right_door_zone3,puzzle_6_drive,Zone 3,future
20260412_181610_a7bb,2026-04-12 18:37:47,right_door_zone1,puzzle_6_drive,Zone 1,future
20260412_181610_a7bb,2026-04-12 18:37:48,left_door_zone2,puzzle_6_drive,Zone 2,future
20260412_181610_a7bb,2026-04-12 18:37:48,left_door_zone1,puzzle_6_drive,Zone 1,future
20260412_181610_a7bb,2026-04-12 18:37:49,right_door_zone3,puzzle_6_drive,Zone 3,future
20260412_181610_a7bb,2026-04-12 18:37:50,time_slider,puzzle_6_drive,Zone 1,past
20260412_181610_a7bb,2026-04-12 18:37:52,main_com_zone1,puzzle_6_drive,Zone 1,past
20260412_181610_a7bb,2026-04-12 18:37:54,ui,puzzle_6_drive,Zone 5,past
20260412_181610_a7bb,2026-04-12 18:37:55,blackbox_zone5,puzzle_6_drive,Zone 5,past
20260412_181610_a7bb,2026-04-12 18:37:57,dialogue,puzzle_6_drive,Zone 5,past
20260412_181610_a7bb,2026-04-12 18:37:59,time_slider,puzzle_6_drive,Zone 5,present
20260412_181610_a7bb,2026-04-12 18:37:59,time_slider,puzzle_6_drive,Zone 5,future
20260412_181610_a7bb,2026-04-12 18:38:00,blackbox_zone5,puzzle_6_drive,Zone 5,future
20260412_181610_a7bb,2026-04-12 18:38:01,dialogue,puzzle_6_drive,Zone 5,future
20260412_181610_a7bb,2026-04-12 18:38:02,dialogue,puzzle_6_drive,Zone 5,future
20260412_181610_a7bb,2026-04-12 18:38:04,dialogue,puzzle_6_drive,Zone 5,future
20260412_181610_a7bb,2026-04-12 18:38:06,dialogue,puzzle_6_drive,Zone 5,future
20260412_181610_a7bb,2026-04-12 18:38:07,dialogue,puzzle_6_drive,Zone 5,future
20260412_181610_a7bb,2026-04-12 18:38:08,dialogue,puzzle_6_drive,Zone 5,future
20260412_181610_a7bb,2026-04-12 18:38:09,dialogue,puzzle_6_drive,Zone 5,future
20260412_181610_a7bb,2026-04-12 18:38:16,none,puzzle_6_drive,Zone 5,future
20260412_181610_a7bb,2026-04-12 18:38:16,blackbox_zone5,puzzle_6_drive,Zone 5,future
20260412_181610_a7bb,2026-04-12 18:38:17,dialogue,puzzle_6_drive,Zone 5,future
20260412_181610_a7bb,2026-04-12 18:38:17,dialogue,puzzle_6_drive,Zone 5,future
20260412_181610_a7bb,2026-04-12 18:38:17,dialogue,puzzle_6_drive,Zone 5,future
20260412_181610_a7bb,2026-04-12 18:38:20,dialogue,puzzle_6_drive,Zone 5,future
20260412_181610_a7bb,2026-04-12 18:38:21,dialogue,puzzle_6_drive,Zone 5,future
20260412_181610_a7bb,2026-04-12 18:38:23,dialogue,puzzle_6_drive,Zone 5,future
20260412_181610_a7bb,2026-04-12 18:38:28,inventory,puzzle_6_drive,Zone 5,future
20260412_181610_a7bb,2026-04-12 18:38:32,inventory,puzzle_6_drive,Zone 5,future
20260412_181610_a7bb,2026-04-12 18:38:35,blackbox_zone5,puzzle_6_drive,Zone 5,future
20260412_181610_a7bb,2026-04-12 18:38:36,dialogue,puzzle_done,Zone 5,future
20260412_181610_a7bb,2026-04-12 18:38:37,dialogue,puzzle_done,Zone 5,future
20260412_181610_a7bb,2026-04-12 18:38:37,dialogue,puzzle_done,Zone 5,future
20260412_181610_a7bb,2026-04-12 18:38:39,dialogue,puzzle_done,Zone 5,future
20260412_181610_a7bb,2026-04-12 18:38:43,dialogue,puzzle_done,Zone 5,future
20260412_181610_a7bb,2026-04-12 18:38:45,dialogue,puzzle_done,Zone 5,future
20260412_181610_a7bb,2026-04-12 18:38:45,dialogue,puzzle_done,Zone 5,future
20260412_181610_a7bb,2026-04-12 18:38:46,dialogue,puzzle_done,Zone 5,future
20260412_181610_a7bb,2026-04-12 18:38:47,dialogue,puzzle_done,Zone 5,future
20260412_181610_a7bb,2026-04-12 18:38:50,inventory,puzzle_done,Zone 5,future
20260412_181610_a7bb,2026-04-12 18:38:51,inventory,puzzle_done,Zone 5,future
20260412_181610_a7bb,2026-04-12 18:38:52,time_slider,puzzle_done,Zone 5,present
20260412_181610_a7bb,2026-04-12 18:38:53,time_slider,puzzle_done,Zone 5,past
20260412_181610_a7bb,2026-04-12 18:38:54,inventory,puzzle_done,Zone 5,past
20260412_181610_a7bb,2026-04-12 18:38:55,inventory,puzzle_done,Zone 5,past
20260412_181610_a7bb,2026-04-12 18:38:56,elevator_zone5,puzzle_done,Zone 5,past
20260412_181610_a7bb,2026-04-12 18:38:57,main_com_zone1,puzzle_done,Zone 1,past
20260412_181610_a7bb,2026-04-12 18:39:01,ui,puzzle_done,Zone 1,past
20260412_181610_a7bb,2026-04-12 18:39:03,dialogue,puzzle_done,Zone 1,past
20260412_181610_a7bb,2026-04-12 18:39:04,dialogue,puzzle_done,Zone 1,past
20260412_181610_a7bb,2026-04-12 18:39:04,dialogue,puzzle_done,Zone 1,past
20260412_181610_a7bb,2026-04-12 18:39:05,dialogue,puzzle_done,Zone 1,past
20260412_181610_a7bb,2026-04-12 18:39:06,dialogue,puzzle_done,Zone 1,past
20260412_181610_a7bb,2026-04-12 18:39:08,dialogue,puzzle_done,Zone 7,past
20260412_181610_a7bb,2026-04-12 18:39:09,dialogue,puzzle_done,Zone 7,past
20260412_181610_a7bb,2026-04-12 18:39:10,dialogue,puzzle_done,Zone 7,past
20260412_181610_a7bb,2026-04-12 18:39:11,dialogue,puzzle_done,Zone 7,past
20260412_181610_a7bb,2026-04-12 18:39:12,dialogue,puzzle_done,Zone 7,past
20260412_181610_a7bb,2026-04-12 18:39:14,dialogue,puzzle_done,Zone 7,past
20260412_181610_a7bb,2026-04-12 18:39:22,dialogue,puzzle_done,Zone 7,past
20260412_181610_a7bb,2026-04-12 18:39:24,dialogue,puzzle_done,Zone 7,past
20260412_181610_a7bb,2026-04-12 18:39:29,dialogue,puzzle_done,Zone 7,past
